ID;Genotype;Phenotype
46;2;-1.161803
47;4;-0.779888
48;2;+0.344549
49;4;-1.863295
50;2;+0.539282
51;2;-1.158698
52;2;-0.185594
53;2;-1.317468
54;3;-0.690634
55;2;+1.150885
56;3;-0.787681
57;2;+0.691541
58;3;+0.759930
59;2;+1.463435
60;2;-1.430786
61;4;-1.751483
62;2;+0.402155
63;4;-2.181575
64;2;-0.972502
65;2;-0.443648
66;2;-1.043554
67;2;+1.557282
68;4;+0.701852
69;2;+1.082825
70;2;+0.459024
71;2;-0.377968
72;4;-1.010427
73;4;+0.647804
74;2;-0.141073
75;2;-0.297702
76;4;+0.830122
77;2;+1.121255
78;2;-0.563873
79;2;+1.710413
80;2;+0.363373
81;2;+1.254923
82;4;+2.102722
83;2;-0.541782
84;2;-0.464709
85;2;-1.679457
86;2;+0.312179
87;2;+1.025301
88;2;+1.218205
89;2;+0.254258
90;2;+0.143684
91;2;+1.396360
92;0;+0.388206
93;2;+0.796477
94;3;-0.520395
95;2;+1.377484
96;3;-1.080133
97;4;-1.949009
98;4;+1.706017
99;2;+1.216542
100;2;+1.603381
101;2;-0.359274
102;2;+0.671379
103;2;+0.051125
104;2;-1.321476
105;2;+0.324038
106;2;+0.513602
107;2;+0.637489
108;2;+1.224411
109;2;-0.373940
110;2;+0.672676
111;4;-0.459104
112;2;-0.354754
113;3;-0.445854
114;2;+0.530678
115;2;+1.317090
116;4;+1.435978
117;3;-0.944129
118;2;+0.500779
119;2;+1.893936
120;2;-0.767432
121;2;-0.206578
122;4;-0.609236
123;2;-0.293365
124;2;+0.041262
125;2;-1.046838
126;2;-0.015552
127;2;-0.777648
128;2;+0.450957
129;2;-1.230834
130;2;+1.176541
131;3;-0.511465
132;2;+1.576451
133;3;-0.056576
134;2;-0.444994
135;2;-0.324455
136;4;-0.944540
137;2;-1.900565
138;2;-1.747403
139;2;+0.576476
140;2;+0.445018
141;2;+0.959575
142;2;+1.045061
143;2;-0.528635
144;2;+1.819908
145;2;+0.010828
146;2;+1.246885
147;4;-0.119365
148;4;+0.073919
149;2;+3.674720
150;2;-0.510471
151;4;+0.474717
152;2;-0.925660
153;2;-0.991677
154;2;+0.291543
155;4;-0.335644
156;2;+1.199149
157;2;-1.034012
158;2;-1.430510
159;3;-0.421214
160;2;+0.613939
161;2;+0.912778
162;2;-0.023938
163;2;-0.171784
164;2;+0.010194
165;2;+0.396453
166;2;+0.495886
167;2;-1.333842
168;2;-1.347866
169;2;+2.449682
170;2;-0.135524
171;2;-0.303783
172;2;-0.569675
173;2;+1.538225
174;4;-0.664683
175;0;-1.023612
176;3;-0.317807
177;2;+0.700154
178;2;+0.489354
179;2;-0.295159
180;2;-2.172199
181;2;-0.656295
182;4;+0.338118
183;2;-2.715959
184;2;+0.715197
185;4;+0.884938
186;2;+0.460518
187;4;-0.789480
188;2;+0.580372
189;2;-0.826981
190;3;-0.830256
191;2;+0.305820
192;2;+0.717943
193;2;-0.391073
194;3;+0.578370
195;2;-0.205002
196;3;+0.814532
197;2;-0.256221
198;2;+1.425328
199;4;-1.884174
200;3;+1.052028
201;2;-2.408644
202;2;-1.347922
203;2;+1.029607
204;2;+1.082955
205;2;-0.361375
206;2;+0.404349
207;2;-0.254525
208;2;-1.319335
209;3;-0.475778
210;2;-0.102271
211;4;-0.802774
212;2;-0.945803
213;3;+0.869747
214;0;-1.245491
215;2;-1.496149
216;2;-0.329166
217;2;-0.823306
218;3;+0.288915
219;2;+0.765270
220;4;-0.245605
221;2;+1.274915
222;2;+0.375912
223;3;-1.553006
224;2;-2.117511
225;2;-0.933197
226;2;-0.206466
227;4;-1.628029
228;2;+0.220168
229;2;+1.283323
230;2;+0.740414
231;2;+1.463958
232;2;-0.495476
233;4;-1.710220
234;2;+1.059399
235;2;+0.028709
236;2;+0.339938
237;2;+0.232598
238;2;-1.281973
239;3;-0.064823
240;3;+0.814006
241;4;-0.127398
242;2;-1.074349
243;2;+1.039552
244;4;-0.309942
245;2;-0.981813
246;2;+1.033147
247;2;-1.484128
248;2;+0.120121
249;2;+0.457634
250;4;-0.708409
251;3;-0.685693
252;2;+1.044050
253;2;-0.425682
254;3;+0.071370
255;2;-0.124012
256;2;-1.094484
257;4;-0.651622
258;3;+0.370425
259;2;-0.966518
260;2;-0.788617
261;3;+2.988945
262;2;+1.170534
263;2;+0.188362
264;2;-1.449640
265;2;-0.638150
266;2;-0.739633
267;2;+0.146701
268;2;+1.054390
269;2;-1.329029
270;2;-0.820644
271;2;-1.165791
272;0;+1.230370
273;3;+0.752405
274;2;+1.710339
275;2;-0.853603
276;3;-1.260114
277;2;+0.637717
278;2;-0.962448
279;3;-1.163593
280;2;+0.280280
281;2;+1.185653
282;3;+1.311382
283;2;-0.711017
284;2;+0.960776
285;2;-0.019059
286;2;-1.661373
287;2;+0.137891
288;2;-1.070155
289;2;+1.331976
290;3;+1.067868
291;2;+0.574061
292;2;-0.488705
293;2;+0.604259
294;2;-1.368633
295;2;-0.632576
296;2;+0.645917
297;2;+0.908058
298;2;-0.843642
299;4;+0.098952
300;2;-0.472882
301;2;+1.360862
302;2;-1.306808
303;2;+0.022820
304;4;-0.288745
305;2;-0.303425
306;2;+0.371130
307;2;+0.332538
308;2;+1.400709
309;2;+0.013753
310;2;-0.357869
311;2;-0.432112
312;2;+0.205754
313;2;+0.948144
314;3;-0.436643
315;3;+0.028700
316;2;-0.129428
317;3;-2.736026
318;4;+0.215141
319;2;-0.733220
320;2;-0.856300
321;2;-0.330323
322;2;-2.333811
323;2;+0.014758
324;2;-1.962590
325;4;-1.241320
326;2;-1.099752
327;3;+0.093192
328;2;+1.025082
329;2;+0.450979
330;2;-0.003932
331;4;-0.985683
332;2;-0.022000
333;2;-2.048691
334;2;+1.107199
335;2;-0.478543
336;2;-0.816147
337;4;-0.215023
338;2;+1.456721
339;2;+0.759847
340;2;+0.032007
341;2;+0.830989
342;2;-1.094476
343;4;-0.359241
344;2;+0.164750
345;2;-1.546488
346;2;-0.157539
347;2;-0.226400
348;2;+0.938570
349;2;-1.351965
350;2;-2.660508
351;2;-0.846268
352;4;+0.240769
353;2;+0.810844
354;4;+0.770867
355;2;-0.006706
356;2;-0.533467
357;2;+1.032986
358;2;+0.031724
359;2;-0.872159
360;2;-2.453004
361;2;+0.053860
362;3;+1.667297
363;2;+0.594474
364;2;-2.067178
365;2;-0.033136
366;2;+1.125408
367;2;-0.326945
368;2;+1.522762
369;2;+0.395841
370;4;+1.313241
371;2;-0.733249
372;3;+0.461047
373;2;-1.319670
374;2;-1.253744
375;2;-0.508781
376;2;+0.652907
377;2;-1.385849
378;2;-0.755868
379;2;+0.217757
380;2;+1.305373
381;2;+0.233787
382;3;+1.408850
383;3;+1.390577
384;2;-0.826853
385;2;+0.217572
386;3;+0.428434
387;2;-0.905665
388;4;-0.983740
389;4;+0.478636
390;2;+1.180897
391;2;+0.021370
392;2;-0.949065
393;2;+0.558128
394;3;+0.872667
395;2;+0.712594
396;2;-1.097728
397;2;-1.679268
398;4;-0.842886
399;3;-0.383089
400;2;-0.003626
401;2;+1.026812
402;3;+0.629354
403;3;-0.335904
404;2;-1.301755
405;2;+0.305160
406;2;-1.088424
407;2;+0.480329
408;2;+0.638200
409;2;+2.029054
410;3;-0.653933
411;2;+0.616503
412;4;+0.603695
413;0;+0.984646
414;2;+0.295916
415;4;-0.287436
416;2;-0.092054
417;2;+2.334695
418;2;+0.672226
419;2;-0.390931
420;2;-1.292196
421;4;+0.727551
422;2;+0.912976
423;2;+0.318017
424;2;+0.426369
425;3;-1.627489
426;2;-0.550933
427;2;+1.317291
428;2;-1.932257
429;2;+0.656890
430;2;+0.176342
431;2;-0.789670
432;2;-0.627379
433;2;+0.876212
434;2;+1.412763
435;2;-0.101567
436;2;-1.416862
437;2;+0.605380
438;2;+0.013209
439;2;+0.471546
440;2;-1.154165
441;2;-0.672534
442;2;+0.223815
443;2;-1.055042
444;2;+1.006403
445;2;+0.625016
446;4;+1.162435
447;2;+1.179080
448;2;+1.072883
449;2;+1.592369
450;2;+1.016557
451;2;+1.424172
452;3;+1.207628
453;2;-0.862766
454;3;+0.305789
455;2;+1.626110
456;2;-0.409753
457;2;-0.969860
458;2;-0.725271
459;2;+1.871156
460;2;-0.762027
461;2;-0.762806
462;2;+1.282423
463;0;+0.862684
464;3;-1.080753
465;3;+0.697772
466;2;+0.076456
467;2;-0.083154
468;4;+0.844538
469;2;+1.383620
470;2;-0.067176
471;2;-1.576656
472;4;+0.574822
473;4;-1.267151
474;2;-0.610937
475;2;-1.883776
476;2;+1.183497
477;3;+0.287286
478;2;-1.205215
479;2;+0.379164
480;4;-0.196705
481;2;-0.376976
482;3;-0.320057
483;2;+0.197208
484;2;-0.385285
485;4;-0.061459
486;4;+1.034928
487;2;+0.709301
488;4;-1.721653
489;4;+0.054409
490;2;-0.898389
491;4;+2.103296
492;2;-0.153491
493;2;+0.212810
494;2;+0.104596
495;2;-0.682914
498;2;+1.916430
499;2;-1.152887
501;2;-2.209424
503;2;-0.257589
504;4;-1.367870
507;2;+1.521651
508;2;+0.582201
511;3;+3.365046
513;0;+1.099772
514;3;+0.800044
517;2;+0.418213
521;2;-0.464771
524;2;+0.415931
525;2;-0.125241
528;2;+1.847775
531;4;-0.215265
537;2;-2.143777
538;4;-0.442222
542;4;-1.892360
545;4;+0.255585
546;2;-1.554828
547;2;+0.485446
548;4;-0.403341
550;2;+0.238156
551;2;-0.263862
552;2;+0.376336
553;2;-0.453022
558;2;-1.653476
559;2;+0.438091
560;2;-0.370057
561;2;+1.329977
562;2;+0.409585
563;2;+1.542731
564;2;-0.273790
565;2;-0.677056
566;2;-1.512216
567;2;-0.782407
570;2;-0.742870
571;4;+1.104731
573;2;-1.002114
575;2;-1.433027
579;2;+0.851253
580;2;-2.029554
582;2;-1.648519
583;4;-1.197017
584;4;+0.070315
585;2;+0.220822
587;2;-0.588576
589;2;-0.398647
591;2;-0.010395
592;2;+1.467445
594;2;+0.873558
595;2;-0.995166
598;2;+1.307848
599;2;+0.341671
600;2;-1.212949
602;2;-0.826155
605;4;-0.889819
606;2;+1.023638
607;2;-0.550777
609;2;-1.573779
616;2;+1.661910
617;2;+1.400486
619;2;+0.346796
620;2;-1.658418
621;2;+0.978913
622;2;+1.491469
631;2;+0.549225
633;2;+0.547636
635;2;-0.218388
636;2;-1.303580
637;2;-0.368457
638;2;-0.594789
641;4;-1.036297
643;2;+0.056232
645;2;+0.427184
648;0;+0.807891
654;3;+0.125646
655;0;+1.251511
656;2;+2.245126
658;4;+0.109221
660;4;-0.436454
661;2;+0.285926
662;2;-0.359413
663;2;+0.178647
667;3;-0.536408
668;2;+0.567071
669;2;+0.259968
671;3;-0.151406
672;3;-0.020589
674;3;-1.582042
675;2;+0.105122
676;2;+0.380415
679;2;+1.416346
680;2;-0.186613
683;2;-1.775559
687;3;-2.226945
689;3;-1.520289
694;2;+0.587654
695;2;+0.244058
696;2;-0.452528
697;2;+0.222301
699;2;+1.039519
700;2;-0.185239
701;2;+0.848886
702;2;-0.215493
706;2;+0.328914
709;2;+1.066301
720;4;+0.429188
723;2;-1.383229
728;2;-0.043547
730;2;-0.702517
731;2;-0.521723
732;2;+0.819147
736;2;+0.089171
737;2;-1.660746
740;2;-0.118380
744;4;-0.881910
745;2;+0.616768
746;2;-1.338506
747;2;-0.677156
748;2;-1.266049
751;2;-0.893256
753;2;-0.661064
755;2;-0.145592
756;2;-0.388684
758;2;-0.414018
759;2;-0.803848
760;2;-1.054088
763;2;+0.681326
767;2;+1.772679
768;2;-1.652663
770;2;+1.018922
773;2;-0.364553
778;2;-0.796873
779;4;-0.391996
780;2;-0.528841
782;2;+0.376347
786;4;+0.359630
788;2;+0.995602
789;2;-1.174540
793;2;+0.281631
794;2;+0.821606
796;3;+1.137547
797;3;+1.477039
802;2;-0.697940
804;2;+0.247849
805;2;-0.980490
806;2;-0.650728
811;3;-1.624406
812;4;-1.062254
816;3;-0.154873
817;4;+0.184225
821;3;-1.541799
824;2;-1.813803
825;2;-1.581171
826;4;+0.979392
827;2;+0.408033
829;2;-0.251504
831;2;-1.010793
833;2;-0.947071
836;2;+1.081110
839;3;-0.114371
840;4;+2.336779
841;3;-0.640107
844;4;+0.787580
846;4;+0.276557
847;4;-1.035262
850;2;-1.451611
852;2;+0.403415
853;2;+1.058143
854;2;-0.243466
855;4;-1.418732
856;2;+0.293808
858;2;-0.791374
859;2;-1.171806
860;2;-0.519798
861;2;+0.131504
864;2;+0.514467
866;2;+0.532686
867;4;-1.480422
870;2;-0.468244
872;2;-1.524248
873;2;-0.257576
875;2;-1.484544
880;2;+0.814847
883;4;-0.667653
884;2;+2.565388
886;2;-0.757606
887;2;+0.401907
889;2;-0.612804
893;2;+0.729017
895;2;-0.422372
896;2;+0.212239
897;2;+1.700228
898;2;+0.543795
899;2;+0.663002
900;2;+0.734815
901;2;+0.986277
902;2;+1.666219
904;2;+0.602981
905;2;-0.583267
906;4;-0.947621
907;2;+0.862054
908;2;-1.479637
909;2;+0.663962
910;2;+1.269529
916;2;+0.315701
917;2;+0.034624
918;2;+0.691470
924;2;+1.233339
925;2;+0.334795
926;2;-0.220604
927;2;+0.299286
929;2;-2.423776
935;2;-2.373757
938;2;-1.023318
940;2;-0.712603
944;2;+0.035704
945;2;-1.290512
946;2;-1.994213
947;3;-0.987702
949;2;-1.051354
954;3;-0.767700
955;2;+0.621340
957;4;-0.091567
961;2;-0.774486
964;3;-0.192767
965;2;-0.299392
966;2;+0.708061
969;4;-1.169846
971;3;-1.683437
972;2;-0.178754
974;2;-0.171235
977;4;-1.034355
979;2;-0.659213
981;2;-1.766032
982;2;-0.566024
986;2;-1.323856
987;2;-0.019697
988;2;-2.500128
992;2;-0.845082
995;2;-0.800059
997;3;+0.465531
998;2;+0.630686
999;4;-1.249989
1004;2;+0.622512
1005;2;-0.066915
1006;2;-0.580028
1007;2;-0.264467
1008;2;+1.312477
1009;2;+1.408741
1010;2;-0.055405
1011;2;+0.839599
1012;2;-0.046251
1013;4;+0.816192
1014;2;+1.766386
1016;3;-1.098208
1017;2;-1.350877
1019;4;+0.567823
1020;2;-0.042392
1021;2;+1.647737
1025;2;-1.805834
1026;4;-0.906404
1027;4;-0.487934
1033;2;-0.193306
1034;2;+1.138909
1039;2;-1.586636
1040;2;-0.361531
1041;3;+1.212055
1043;2;+0.729536
1045;3;-0.646906
1046;2;-0.279576
1049;0;+0.964715
1051;3;+1.519355
1055;2;-1.808754
1057;2;-0.683256
1058;2;+0.488486
1060;2;-1.445834
1061;2;-0.480797
1063;2;+0.014025
1065;4;+0.458647
1066;2;+0.120309
1067;2;-0.524451
1068;2;-1.705465
1072;2;+0.246963
1075;2;-1.795614
1076;2;-1.887661
1080;2;-0.089317
1086;3;-0.894893
1090;2;-0.605818
1091;2;+0.685254
1095;4;+0.625335
1097;3;+1.161016
1103;2;+0.822765
1107;2;-0.617697
1108;2;-1.240977
1110;2;-0.931717
1111;2;+0.125956
1112;2;+0.623896
1115;3;+1.137303
1116;2;+0.886561
1121;2;-0.976959
1122;2;+0.151178
1124;2;+0.377488
1125;4;+0.705739
1130;2;+0.076142
1132;3;+1.384173
1134;2;+0.758652
1135;4;+0.777068
1136;4;-1.142182
1140;2;-0.820616
1141;3;+2.452028
1143;0;+0.589103
1146;2;-0.311362
1147;2;-1.483613
1149;2;+0.621780
1150;2;+0.498130
1151;3;+0.297295
1154;4;-0.986484
1156;2;-1.014722
1157;3;+0.254781
1158;2;+0.531095
1163;2;+0.473262
1164;2;+1.458430
1165;2;-0.286030
1166;2;+0.908230
1167;3;-1.491995
1170;3;-0.226522
1179;2;+0.214250
1180;2;-0.430028
1182;2;+0.701664
1183;2;+0.009835
1185;4;+1.071248
1188;2;+0.668899
1189;2;+0.390003
1193;2;-0.560412
1194;4;+1.509896
1195;4;+0.143500
1196;2;+0.594672
1197;2;+1.492881
1198;2;+2.185451
1200;2;-0.999585
1201;2;-0.774590
1203;3;+0.115729
1204;3;-1.137640
1208;2;-0.838144
1209;2;-0.633308
1211;4;-0.920957
1213;2;+0.552574
1216;3;+0.351109
1221;2;+1.326990
1226;2;+0.383410
1229;2;+0.113906
1233;3;-0.454146
1235;4;-0.732104
1241;3;-0.538439
1242;4;+0.487897
1246;2;+0.093143
1250;2;-0.596592
1251;3;-0.907892
1253;2;+0.400434
1257;2;+0.207462
1258;2;-1.217579
1264;2;+0.278558
1266;2;-0.776678
1267;2;-0.085593
1274;2;+0.782331
1276;2;-1.342194
1277;2;-1.148036
1279;2;-0.006024
1280;2;-1.094206
1283;2;-0.256179
1286;2;+2.864718
1288;4;+0.797637
1289;2;+1.687247
1296;2;-0.738130
1298;3;-0.250602
1301;4;-0.506451
1302;2;+0.454464
1303;2;+1.448612
1305;2;+1.056609
1310;2;+0.312015
1312;2;+1.808357
1313;3;+0.798937
1314;2;-1.157408
1318;4;-0.389813
1319;2;+1.718719
1323;3;-0.577402
1324;4;-1.484235
1325;2;+0.139581
1326;2;-0.032888
1327;2;-0.288884
1330;2;+1.220812
1335;2;+0.056462
1336;2;+1.304511
1337;2;-0.059689
1338;2;+0.888689
1339;2;-0.233920
1346;2;+1.767190
1349;3;-1.611150
1354;2;+1.144326
1357;2;+1.331039
1358;2;-0.044752
1359;0;-0.047438
1360;2;+1.162329
1366;2;+2.021660
1367;2;-1.254670
1370;3;+0.546356
1371;2;+1.808639
1373;2;+0.299616
1374;2;+0.325870
1376;3;+0.042227
1378;2;+1.826681
1379;0;+1.018362
1380;3;+0.453994
1384;2;-1.111213
1385;2;+0.618041
1386;2;-0.442987
1390;2;+1.468392
1391;2;+0.935123
1392;3;-1.803856
1393;2;-0.241374
1394;3;-0.764939
1396;2;+0.452150
1401;4;+1.652266
1404;2;+1.574654
1407;2;-0.707555
1409;4;+1.890302
1410;2;+0.010730
1411;4;+0.776947
1415;2;+0.324554
1416;2;-0.057090
1418;2;-0.746909
1420;2;+0.517720
1422;0;-0.165836
1423;4;-0.570789
1426;2;-0.055206
1427;2;+1.684469
1428;4;+0.490526
1429;4;+0.659714
1430;4;+0.381790
1432;3;-0.502194
1433;2;-1.154905
1434;2;+0.342708
1435;2;+1.427706
1439;2;-0.236712
1440;2;+0.909203
1442;2;-0.563822
1444;3;-0.147707
1446;2;-0.679637
1447;2;-1.345591
1448;2;+1.500886
1449;2;-1.427362
1450;4;-0.255009
1451;2;-0.347079
1452;2;-0.492163
1455;2;-0.861609
1456;2;-0.271603
1458;3;+0.598454
1462;2;-1.787900
1463;2;+2.111439
1464;2;-0.116734
1465;2;+0.738705
1469;2;+1.788835
1471;3;-0.615862
1472;2;+0.797830
1473;2;+1.322018
1475;2;+0.214721
1476;2;+0.339915
1477;2;+0.787438
1480;2;-2.255008
1482;2;+0.666657
1483;2;+1.516262
1484;3;+0.535885
1485;2;+1.144621
1489;4;-1.999838
1494;2;-0.782763
1497;2;-2.305179
1499;2;-0.753632
1501;2;-0.248024
1503;3;+1.033714
1505;4;-1.374821
1510;4;+0.265677
1511;3;-0.238479
1515;2;+0.188292
1516;2;+0.692474
1520;2;+0.741476
1523;2;-0.624784
1526;2;-0.864953
1528;2;-0.456415
1529;2;-0.208189
1531;2;-0.172790
1533;2;+0.010914
1538;2;+1.210763
1539;2;+1.673076
1541;2;-0.428732
1543;2;+0.199948
1544;2;+1.251273
1545;3;-0.483049
1546;2;+1.590972
1548;2;-0.400740
1550;2;-0.198307
1551;2;+0.042918
1552;2;+0.932825
1554;0;-0.025166
1555;2;-1.848733
1560;2;+0.444523
1561;2;+0.871500
1562;2;+1.603998
1567;2;+1.610472
1569;2;-0.881655
1573;2;+1.847988
1574;2;-0.419259
1576;2;+0.070324
1577;3;+0.405542
1578;2;-0.612745
1581;4;-0.157887
1583;2;+1.540854
1585;2;+0.336213
1591;3;-0.559262
1594;2;+0.111964
1595;2;-2.549052
1596;4;+0.515426
1597;0;+0.892674
1598;2;-1.032227
1599;2;+1.149686
1604;4;+0.147846
1609;3;+0.358311
1610;2;-0.702998
1611;2;-0.762431
1612;2;+1.368525
1616;2;+0.717532
1619;4;+0.907712
1620;2;+1.567558
1621;3;-1.073951
1624;4;-0.753791
1625;2;-0.075766
1626;2;+0.835888
1627;2;+0.580853
1629;2;+0.389938
1630;2;-0.308748
1631;2;+0.037063
1634;2;-0.100949
1636;2;-0.470650
1638;3;-0.675415
1643;3;+1.329718
1644;2;-1.172037
1646;2;+1.663209
1647;3;+0.090434
1648;3;+0.993739
1650;2;-0.284647
1651;2;+1.933786
1653;2;-0.324286
1654;2;+0.807615
1655;2;+0.991457
1658;2;-0.162280
1661;2;-0.912679
1662;3;+0.067539
1663;2;-0.260255
1664;2;+0.533849
1665;3;-0.307296
1667;2;-0.558010
1668;4;+0.835511
1669;2;-0.615436
1671;2;-0.091021
1675;2;+0.014929
1678;2;+0.062234
1679;2;+0.346045
1680;4;+1.682726
1682;4;-0.513950
1684;2;-1.127817
1685;2;+0.869371
1687;4;+0.189473
1689;4;+0.221893
1690;2;+0.841074
1691;2;+1.641964
1693;3;-0.273619
1696;4;+0.747902
1697;2;+0.677606
1698;2;+0.039358
1699;3;+0.761635
1700;2;+0.185295
1702;3;+0.209889
1703;2;+0.199982
1707;2;-0.353154
1709;2;-0.285228
1710;2;-0.826774
1711;2;-0.316647
1712;2;+0.973116
1713;2;-0.232669
1714;2;+0.825975
1716;2;+0.385897
1717;2;-0.154768
1718;2;-0.953257
1720;2;+0.351045
1721;2;+0.278519
1724;4;+1.497013
1725;4;+0.396821
1726;4;-0.150759
1727;2;-1.094839
1729;2;+0.366377
1730;2;-0.130155
1733;2;+1.372430
1735;3;-1.238802
1737;4;+0.483454
1740;2;-0.351082
1741;2;-0.900973
1744;2;+0.265229
1745;2;+0.524283
1746;2;-0.117364
1748;3;+0.465835
1749;3;-0.766881
1750;2;-0.500639
1756;2;-0.845252
1757;2;+0.147721
1759;2;+0.243055
1760;2;+1.853973
1761;2;+3.504372
1762;2;-0.046295
1763;2;-0.390686
1765;2;+1.000980
1766;2;+0.104932
1769;2;+1.984699
1774;2;+1.137110
1775;2;+1.441057
1777;0;+1.564348
1778;2;+1.071189
1781;3;+0.377453
1784;4;-1.198689
1786;2;+0.849336
1791;3;+0.425949
1793;3;+1.790054
1797;2;-0.418812
1798;2;+0.077723
1802;2;-0.645540
1804;4;+0.791024
1809;4;-0.251377
1810;2;+1.881842
1813;2;-0.188095
1814;4;-0.469786
1816;2;+1.103171
1817;2;+0.988549
1818;2;+2.623781
1824;2;+0.983675
1825;2;-0.853760
1826;2;-0.148272
1828;2;+1.751868
1829;2;+0.009514
1830;2;-0.649176
1835;3;+1.516511
1839;2;+0.163465
1840;2;-0.207299
1845;2;+0.403539
1848;2;+1.362574
1850;4;+1.045669
1851;2;-0.570092
1855;3;-0.790890
1861;2;+0.109580
1863;4;+0.348959
1866;2;+1.638874
1867;2;+0.183122
1868;2;+1.433919
1869;2;+0.000462
1870;2;-1.472399
1871;2;+2.113790
1873;2;+1.859608
1875;2;+0.684384
1876;2;-1.002325
1877;2;+1.250042
1879;2;-0.136412
1881;2;-0.149980
1882;2;+0.210260
1883;2;+2.005820
1886;2;+0.683989
1887;2;-0.366548
1891;2;-1.342603
1897;2;-1.584333
1901;2;+1.390039
1902;2;+1.076389
1903;2;-1.047101
1904;3;-0.784423
1906;2;+1.072000
1909;2;+0.768886
1910;2;+0.817472
1911;2;-0.118058
1914;2;+1.891912
1919;2;+1.642271
1921;2;-0.116739
1925;2;+0.836139
1926;2;-0.466488
1927;2;+1.076546
1930;4;+0.537104
1931;2;-1.512010
1932;2;+0.997672
1934;2;+1.509417
1936;2;+1.056003
1939;2;+0.228829
1940;2;+0.773698
1941;4;-1.120021
1942;2;-0.142416
1943;2;-0.658498
1946;2;-0.074414
1949;2;+0.322434
1950;2;+0.375239
1951;2;+0.398759
1953;2;+1.962939
1956;2;-0.077406
1957;2;+0.080413
1959;2;+0.767153
1960;2;-0.156862
1961;2;+0.167499
1962;2;-0.118435
1963;2;+0.380166
1964;2;+0.871019
1966;2;-0.877110
1967;2;+0.914960
1968;2;-0.761895
1970;3;+0.097943
1971;2;+0.350155
1972;2;+0.048772
1974;4;-0.252621
1976;2;+0.984110
1977;2;+1.024154
1979;2;+0.811368
1980;2;-0.435729
1982;2;-0.240869
1983;2;-1.623822
1984;2;+0.146577
1986;0;-1.644961
1988;2;-0.142563
1989;2;-1.719364
1990;2;+0.843634
1993;2;+1.455201
1994;4;-1.221626
1995;2;-0.243308
1999;2;-0.172975
2001;3;-1.355146
2002;2;+0.449461
2006;2;-0.001883
2007;2;+1.311526
2013;2;+0.958011
2014;2;+0.970393
2015;2;-0.612906
2016;4;-1.254467
2019;3;+0.012772
2020;2;-0.248143
2021;2;-0.091241
2025;2;+1.346186
2026;3;-0.325364
2027;2;-0.663113
2028;2;+0.271602
2029;2;+0.843272
2030;2;-1.775288
2033;2;-0.392249
2035;3;-0.242928
2036;2;+0.991147
2040;3;+1.635361
2042;2;-1.148985
2045;2;-0.016357
2048;2;-0.136110
2052;4;+1.079021
2057;2;-1.119431
2060;4;+2.468827
2061;2;-0.326189
2063;2;+0.632114
2064;3;+0.786436
2069;2;-0.512119
2070;4;+0.958609
2071;2;+0.000416
2074;3;-0.737222
2076;2;+1.541683
2078;3;-0.895661
2080;2;+0.248259
2083;2;-0.069513
2084;2;-1.036937
2085;2;+0.014293
2088;2;-0.343232
2089;2;-0.846708
2094;2;+0.614615
2095;4;+0.314004
2096;2;-0.750612
2101;3;-0.621097
2102;3;-0.422623
2105;3;+0.601626
2106;2;-0.689191
2108;2;+0.083938
2111;3;-0.208446
2112;2;+0.352295
2113;2;+0.923151
2115;2;+0.450251
2116;4;+1.064699
2117;2;+0.350961
2119;2;+1.680079
2120;2;+0.090351
2121;2;-0.374707
2122;2;+0.529900
2123;2;+0.278123
2127;2;+0.086593
2128;4;+0.253081
2131;3;-0.337219
2132;3;+0.174110
2134;2;-1.672081
2135;2;-0.454343
2137;2;+0.945005
2138;2;+0.490470
2139;2;+0.108053
2140;2;+0.557279
2142;2;-0.492277
2144;2;+0.220568
2145;2;+1.435195
2147;3;+1.609762
2149;2;+0.361990
2150;2;-1.395297
2158;2;+0.655386
2159;2;-0.174151
2161;2;+0.227733
2162;2;-1.641993
2163;2;+0.657752
2165;0;-0.853749
2166;3;+1.323165
2167;2;+0.625105
2169;4;-0.179128
2170;2;-0.043644
2172;2;-0.794460
2173;2;+1.004629
2174;2;-1.773653
2177;2;-0.566303
2180;2;+0.137714
2181;2;+0.443670
2182;4;+0.353328
2183;2;+0.248354
2184;2;-0.052338
2185;2;-1.335797
2189;2;-0.317731
2190;2;-0.306525
2192;2;+0.353148
2193;3;+1.078742
2196;0;+0.600988
2197;4;-0.409242
2200;4;+1.168672
2201;2;+0.113465
2204;2;-2.084782
2205;2;+0.047383
2206;2;+0.414944
2207;2;+0.275778
2208;2;+1.250493
2209;2;-0.494657
2211;2;-1.274235
2212;2;-0.129858
2213;2;-0.741383
2214;3;+1.332443
2215;4;+0.421127
2217;2;-0.288013
2218;3;+0.608676
2219;2;+2.081245
2220;2;+0.163887
2222;2;+0.391748
2223;2;+0.699425
2224;2;-0.539730
2228;2;+0.635878
2229;2;+0.476960
2230;2;+0.766678
2232;2;+0.907178
2233;2;-0.372638
2235;3;+0.030838
2236;2;-1.590509
2237;2;+0.664970
2239;2;-0.062489
2240;2;-0.704583
2241;2;-0.860766
2242;2;+0.604729
2244;2;+1.254624
2247;2;-0.335214
2248;2;+2.891854
2249;2;-2.282504
2250;2;+0.395131
2251;4;+0.420239
2252;2;+0.837650
2254;2;+0.892464
2255;2;+0.000613
2256;2;+2.464413
2257;4;+1.776329
2259;2;+0.438048
2260;0;-0.115045
2262;2;-0.064200
2263;3;+1.078306
2264;2;+0.136237
2266;2;-0.868552
2268;2;-0.734248
2270;4;+0.813491
2271;2;-1.023597
2273;4;-1.048029
2275;2;+1.230229
2276;2;-0.020136
2279;2;-0.070675
2280;2;+0.121894
2281;2;+0.715334
2282;2;+0.769847
2283;4;+1.169398
2284;3;-0.868830
2285;2;-0.872659
2286;3;+2.144519
2288;4;+0.515794
2290;2;+1.117192
2291;3;-0.397242
2296;2;+0.962802
2300;2;-0.621264
2301;4;+1.968835
2302;2;-0.651356
2303;2;+1.168871
2305;2;-1.118782
2307;2;+0.667668
2308;2;-0.445414
2309;2;+0.301649
2311;2;+0.418817
2312;2;-1.329209
2315;2;+1.731707
2316;2;-0.757977
2317;2;+0.850300
2320;2;-0.028031
2321;4;+0.302772
2322;2;-2.733819
2324;2;-0.559498
2325;2;+1.156346
2327;2;+1.343528
2328;2;+0.192468
2330;2;-1.546808
2332;2;-1.082355
2333;2;-0.106964
2336;2;-1.796694
2337;2;+0.670317
2339;2;+0.976197
2349;2;+1.385693
2351;2;+0.898301
2352;2;+0.734943
2353;2;+1.123005
2355;4;+0.133634
2359;2;+2.279317
2362;2;+0.932634
2363;2;+1.295351
2364;2;+1.269958
2367;2;-1.586294
2370;2;+0.259091
2372;2;+0.441016
2376;2;+1.092878
2379;2;+1.978264
2380;2;+0.214777
2382;0;+1.632337
2383;2;-0.100965
2384;3;+0.829551
2386;2;-0.861853
2389;2;+0.222808
2390;2;+0.111480
2392;4;+0.387711
2393;3;-0.149785
2394;2;+1.574336
2395;4;-0.682480
2396;4;+1.591504
2398;3;+0.864513
2406;2;-0.537052
2409;2;-0.770130
2410;2;-1.712188
2411;2;+0.712802
2413;4;+0.293092
2417;2;+0.712510
2418;4;+0.140414
2419;2;-0.813124
2420;2;-0.039458
2421;2;+1.876458
2422;2;-0.330905
2423;3;+0.739158
2424;2;+1.614877
2427;2;+0.597151
2428;2;+1.104914
2434;2;-2.369570
2435;2;-1.222748
2436;2;+0.435278
2437;2;+1.207708
2438;2;+0.766888
2439;2;+0.542919
2440;2;-0.575859
2441;2;-0.454197
2443;2;+0.017293
2444;2;+0.011401
2445;0;+0.789543
2449;2;+1.355352
2450;2;+0.564188
2452;2;+0.324636
2454;2;-1.014792
2457;2;+0.987021
2458;3;+1.195417
2461;4;+1.681906
2465;3;-0.680667
2467;2;+0.134542
2471;4;+0.257126
2475;3;-0.301371
2476;2;+0.531340
2477;2;+0.233514
2478;2;-0.518728
2479;2;+1.744551
2480;2;+2.007372
2486;2;+0.593753
2488;3;-0.855664
2489;3;+0.506938
2490;3;-0.942105
2491;2;+0.399787
2492;2;-1.313888
2497;4;-0.361609
2498;0;+1.670909
2500;2;-1.026029
2502;2;-0.035683
2503;2;+1.047647
2505;2;-0.276274
2510;2;+1.054174
2511;2;+1.001798
2516;4;+0.155916
2517;2;+0.774865
2518;2;+0.794800
2520;2;+1.026065
2521;2;-0.248452
2524;2;+0.020867
2536;2;-0.355322
2538;2;+0.820227
2540;3;+1.337504
2541;4;-2.046535
2542;4;-0.693435
2543;4;+1.593792
2544;2;+1.652333
2547;2;-1.044179
2550;2;+1.960318
2551;2;-0.333585
2553;2;+0.810448
2556;4;-0.602940
2558;2;+1.107423
2559;2;-1.046068
2560;2;+1.229504
2561;3;-0.208834
2562;2;+1.084872
2564;2;+0.034010
2567;0;-0.800913
2571;2;+1.697593
2573;2;+0.520340
2575;4;+2.024085
2576;2;-0.470671
2577;2;+0.021036
2581;2;+0.064209
2585;2;-0.004962
2588;2;-0.160681
2592;2;-1.128502
2597;3;-1.193745
2599;2;+0.113451
2600;2;-0.724115
2601;3;+2.413605
2602;2;-0.703456
2603;4;-0.196070
2604;2;-1.024531
2608;2;+0.559535
2610;2;+0.563679
2611;2;+0.095849
2613;3;-0.076769
2616;2;-0.482717
2617;0;-1.272198
2618;2;+0.543938
2619;2;+0.796829
2620;2;+0.819305
2622;2;-2.815068
2623;2;-0.049678
2624;2;-0.685074
2627;2;+0.286935
2630;2;+0.563942
2631;4;+0.426224
2632;2;+0.709155
2633;2;-1.005539
2634;2;-0.528285
2635;2;+0.529562
2636;4;-0.220169
2637;2;-0.113442
2639;3;+0.613039
2640;0;-0.123030
2642;2;-2.357467
2643;2;-0.374905
2652;2;+1.420883
2654;2;-1.556871
2655;2;-1.109938
2657;2;-0.270520
2662;2;+1.898691
2663;2;-0.256495
2665;2;-0.620592
2666;2;+0.002334
2667;2;-0.490110
2668;2;+0.675646
2673;2;+0.302401
2674;2;+0.279956
2675;2;-0.379195
2677;4;-0.417479
2678;2;-0.226507
2679;2;+1.036332
2680;2;+1.149412
2681;4;+0.813849
2682;2;-1.826222
2683;2;+0.493646
2684;2;+0.596647
2685;2;+1.430731
2686;3;+1.527044
2690;2;-1.814413
2691;4;+0.439172
2693;2;+1.351119
2695;4;-0.262379
2696;2;+0.723475
2698;2;-0.824181
2699;3;+0.009257
2700;4;+0.287276
2701;2;-0.193238
2702;4;+1.438504
2705;2;+0.739269
2710;2;+0.820208
2711;2;-0.285610
2713;2;-0.586081
2716;2;+1.174703
2717;2;-0.159750
2718;2;+1.902996
2721;3;+0.595876
2722;2;+1.336823
2728;2;-0.395521
2729;3;+1.070592
2730;4;+2.196630
2732;2;+1.732053
2733;2;+2.755049
2734;2;+1.892866
2736;2;-1.397181
2738;2;-0.590901
2742;3;+0.571312
2745;2;+1.588714
2747;2;+0.930275
2748;2;+0.907072
2750;2;+0.986095
2751;4;+0.851953
2753;2;+1.067540
2754;2;+0.380055
2755;2;+1.312224
2757;2;+1.163974
2758;2;-0.272749
2759;2;+1.085562
2762;2;-0.339273
2766;2;+1.689293
2768;2;+1.660912
2769;2;-0.077017
2771;4;+0.228668
2773;2;+0.073164
2775;2;+0.576094
2776;3;+1.735067
2777;2;+1.860666
2778;2;+1.173882
2783;2;+0.851247
2784;2;+0.652947
2785;2;+1.309344
2788;2;+0.532586
2790;4;+0.856100
2791;4;+0.699823
2792;4;-0.327817
2794;4;+0.732142
2796;2;-0.611114
2797;2;-0.826504
2798;2;+0.616271
2799;2;+1.458317
2800;2;+1.465284
2803;2;+0.427185
2804;2;+0.699466
2805;4;+2.060304
2806;2;+1.299212
2810;3;+0.358078
2811;2;+1.060153
2814;2;-0.177416
2818;2;-1.199144
2819;2;-0.904522
2820;4;-0.331348
2821;2;-0.251803
2823;2;+1.098350
2825;2;+1.146356
2826;2;+0.763242
2827;2;+1.004534
2830;4;+0.620040
2831;2;+0.669367
2832;2;+0.537335
2834;2;+0.502249
2838;2;+0.026043
2839;2;+0.268768
2842;2;-0.752911
2843;2;+0.117521
2844;2;-0.822978
2845;2;+0.458140
2846;2;+0.083571
2848;2;-0.854845
2850;2;+1.732968
2852;2;-0.205818
2854;2;+1.137331
2855;2;+1.645278
2856;2;+0.203398
2859;2;-0.893943
2871;2;-0.557159
2872;4;-0.563269
2875;2;+0.164711
2876;4;-1.489337
2878;2;+0.939481
2881;2;-0.589732
2884;2;-0.873902
2890;2;+1.162830
2892;2;+0.108050
2895;2;-0.578257
2899;2;-0.279331
2900;2;+1.172973
2903;2;+0.719054
2904;4;+1.841704
2906;2;-0.170187
2907;3;-0.442265
2910;2;-0.220150
2913;2;+2.146722
2917;2;-0.050318
2920;4;-1.155710
2922;2;-0.499729
2925;2;+0.530797
2929;2;+1.336654
2930;2;+2.922856
2931;4;+0.572443
2932;4;+1.450195
2935;2;-0.165953
2938;2;-0.826083
2939;2;+0.075529
2940;2;-1.097069
2944;2;-0.676566
2947;2;+1.784407
2948;2;+2.119759
2952;2;+0.576705
2953;4;+1.491907
2954;2;+0.642983
2956;2;+2.152854
2957;2;+1.106015
2958;2;-0.263902
2961;4;+0.027872
2969;2;+1.836687
2970;4;+0.802818
2971;2;-0.552054
2972;2;+0.191076
2974;2;-0.591290
2976;3;-0.830116
2977;2;+0.773617
2979;2;+0.988440
2983;2;+1.261707
2984;2;+0.386384
2986;2;-0.297839
2987;2;-0.365809
2989;2;-1.282513
2990;2;-0.726633
2991;2;+1.067211
2993;2;-0.616126
2997;3;+0.702907
2999;2;+0.447837
3000;2;+0.798878
3005;2;-0.769005
3007;2;+2.474932
3008;2;+1.014757
3010;2;+0.239840
3011;2;-0.237788
3014;4;+2.077692
3016;4;-0.691463
3018;4;+3.296777
3019;4;+1.395266
3021;2;-1.832307
3024;2;+0.421914
3025;2;-0.488827
3027;2;+0.476967
3028;2;+2.082814
3030;2;+1.321940
3031;2;+1.115743
3035;2;-2.078488
3036;2;-0.906986
3037;2;+0.767512
3038;2;+2.347558
3040;2;+0.693685
3041;2;+1.393329
3042;2;+0.205979
3045;2;+0.268057
3047;2;-1.458936
3054;2;+0.452216
3057;2;+0.912462
3061;2;+0.859074
3064;2;-0.299278
3068;2;+0.247257
3070;4;-0.057385
3072;4;+0.011117
3075;2;+1.479803
3080;4;+2.921710
3090;2;+0.595939
3092;4;+0.215350
3094;2;+0.813768
3095;4;-0.269264
3097;2;+0.431132
3099;2;-0.404024
3100;3;+0.623745
3101;2;+1.017648
3102;2;-0.402377
3103;2;-1.002529
3105;3;+1.171868
3107;2;+2.566728
3109;2;-0.508033
3110;2;+1.144161
3111;2;+0.233860
3112;2;+0.426168
3116;2;+0.320097
3120;2;+2.248260
3121;2;+0.210115
3122;2;+0.850696
3126;2;-0.265232
3131;2;-0.277070
3132;2;+0.160725
3139;2;+0.136559
3141;2;+0.935268
3143;2;+1.735446
3148;2;-0.282204
3150;2;+0.774662
3153;2;-1.355898
3155;2;-0.467439
3158;4;-1.338023
3159;4;-1.192607
3162;2;+1.327051
3163;3;-0.023091
3167;4;-0.664461
3172;2;+0.402140
3173;2;+0.806415
3174;2;+0.368413
3175;2;+0.577723
3180;2;-0.465812
3182;2;+0.165779
3186;2;+0.290805
3187;4;-0.337573
3188;3;+1.340172
3190;2;+0.337566
3193;2;+0.575621
3194;2;+1.726901
3195;2;+1.836584
3199;2;+0.444088
3200;3;+0.391195
3201;2;+2.250072
3204;3;+0.855773
3205;2;+1.406711
3206;2;+1.289282
3208;2;+0.516647
3209;2;+1.004456
3212;2;-0.472853
3216;2;+0.851431
3217;3;-0.244829
3218;2;+1.726223
3220;2;-1.721554
3225;2;+1.161613
3226;2;+0.269315
3227;2;+1.968310
3229;2;+1.418351
3234;2;+1.770932
3235;2;+0.524969
3237;2;-0.210903
3238;4;+1.131420
3241;2;+0.081734
3242;4;+0.276379
3243;2;+0.963916
3244;2;-1.488188
3245;2;+0.020842
3247;3;-0.792783
3248;2;-1.105289
3249;2;-1.740768
3251;2;+0.373603
3253;2;+1.438036
3257;2;+0.942058
3258;2;+2.540065
3264;2;-0.931112
3265;2;-0.366124
3268;2;+0.201361
3269;2;+1.045482
3270;2;+1.363981
3271;2;-0.618629
3272;2;+0.287195
3274;2;-0.321638
3276;2;+0.218591
3278;2;+0.413790
3280;2;+0.028597
3282;2;+0.076400
3283;3;-0.034072
3284;2;-0.173025
3288;2;-0.825703
3289;2;-0.605452
3291;2;+0.073074
3293;2;-1.114885
3295;2;+1.075679
3296;2;+0.164006
3297;2;-0.716834
3300;2;-1.356019
3301;4;+0.582230
3302;2;+1.211686
3303;4;+0.784530
3305;2;+0.520417
3308;2;-0.073242
3310;2;+0.808472
3313;2;-0.225164
3315;3;-0.537278
3319;2;+0.838052
3320;4;+1.491043
3323;2;+0.451001
3324;2;+0.607279
3326;2;+0.799647
3330;2;+1.882700
3332;2;-0.945454
3334;2;-0.908836
3338;4;-0.603471
3339;3;-1.615303
3340;3;+0.677243
3343;4;-1.339557
3345;3;-0.278924
3347;2;+1.919504
3348;3;+1.397364
3349;4;+0.848132
3350;2;+0.555253
3351;2;+0.868950
3354;2;-0.673347
3356;2;-2.258733
3357;2;-0.840479
3363;2;-0.573859
3365;2;+1.112990
3367;2;-0.963310
3368;2;-0.903677
3371;2;+1.199903
3372;2;-0.255112
3373;2;-1.769158
3374;2;+2.383770
3377;2;+0.349675
3378;0;-1.630495
3379;3;+0.080148
3380;2;-0.384710
3387;2;+1.351681
3389;2;+0.095928
3390;2;+2.945083
3393;2;+0.504369
3394;3;+0.486443
3397;2;+0.865232
3398;2;+1.032287
3399;4;-1.252605
3400;2;-0.176363
3401;2;-0.717820
3407;2;+0.465744
3408;4;+1.992404
3409;3;+0.908130
3411;2;+1.325760
3412;2;-0.541423
3414;2;+0.820268
3415;3;+1.111231
3419;2;-1.527558
3422;2;+1.751700
3423;2;+1.167518
3425;2;-0.134004
3430;4;+0.540005
3432;2;+1.706196
3433;2;+0.460629
3437;2;+0.293136
3438;2;-1.021111
3440;4;+1.053290
3441;2;-0.180655
3442;2;-0.186615
3444;2;+0.408085
3446;2;-0.211756
3450;2;-1.288343
3451;2;+1.144329
3452;3;-0.064138
3454;2;+0.879278
3455;2;+1.090205
3456;2;+1.342015
3458;4;+2.029420
3460;2;+1.136988
3461;2;+0.882375
3464;2;+0.196389
3465;2;+0.886799
3470;2;-0.556623
3472;2;-0.658122
3475;2;+0.640990
3478;2;+0.062540
3479;2;-1.511014
3484;2;-0.346847
3487;2;+0.782410
3488;2;-0.405995
3489;2;-1.046032
3490;2;+0.998602
3494;2;-1.721226
3495;4;+0.423305
3497;2;+0.900660
3498;0;+0.624221
3501;2;+1.779118
3503;2;-0.982400
3507;2;+0.259570
3508;2;+1.108040
3509;2;+0.485513
3510;2;+1.476278
3514;2;-0.880490
3516;2;-0.422195
3517;2;-0.199399
3519;2;-1.289462
3524;2;+1.923184
3525;2;+0.063797
3528;2;-0.364822
3530;2;+0.574938
3533;2;+0.012632
3535;2;-2.193614
3538;2;+0.782661
3543;2;+0.213142
3544;2;+0.457489
3546;2;+0.873341
3550;2;-0.094945
3551;2;-0.022284
3552;4;+0.071683
3556;2;+0.299334
3560;2;+1.879775
3565;2;+0.830009
3569;2;+0.690720
3570;2;+1.573420
3572;2;+1.446966
3573;4;+0.181739
3575;2;-0.604837
3576;2;+1.019791
3578;3;+0.575831
3579;2;+0.463011
3582;2;+1.195404
3584;3;-0.185901
3585;2;+0.580436
3586;2;+0.910477
3587;2;-0.476851
3588;2;+0.180912
3592;2;+0.922266
3593;2;+0.115087
3597;3;+0.137861
3601;2;+2.191962
3603;2;+2.023080
3604;2;-1.082190
3605;2;-0.354632
3606;2;+0.552846
3609;2;+0.698833
3610;4;+0.091530
3614;2;+0.594204
3617;2;+1.381750
3620;2;+1.297867
3622;2;+1.971460
3623;2;+2.136953
3628;2;+1.179263
3630;3;+0.529202
3632;2;+0.670536
3634;2;+0.502982
3635;2;-0.222771
3639;2;-0.976336
3641;4;+0.780114
3644;2;+1.021100
3647;2;+0.206931
3650;4;-0.347339
3651;2;+0.798253
3654;2;+1.733040
3656;2;-0.599774
3657;2;+1.648474
3660;2;-0.828214
3661;2;+2.983570
3662;2;+0.021054
3664;2;-1.258958
3666;4;+0.828243
3669;2;-0.114069
3673;2;+1.011997
3678;2;+0.454145
3679;2;+0.788794
3680;2;+1.362772
3682;2;-0.194861
3684;2;+2.022591
3686;2;+1.965462
3688;4;-0.075884
3689;2;+1.055753
3690;4;+0.703056
3691;2;+0.112320
3692;2;+1.528132
3693;3;-0.376616
3694;2;+0.440625
3697;2;+0.229819
3701;2;-0.499801
3702;2;+0.388272
3703;2;-0.316744
3704;4;-0.678787
3705;2;+1.053207
3708;2;+0.633270
3710;2;+2.448041
3715;3;+0.624870
3717;2;+0.123361
3718;2;-0.230310
3719;2;+0.561806
3720;4;+0.824146
3724;2;-0.312016
3726;2;-0.133780
3729;2;-0.925497
3731;2;-0.283023
3732;2;-0.119105
3738;2;-0.458724
3739;2;+3.179644
3740;2;+0.380853
3741;2;+1.533974
3742;2;+0.945283
3745;2;+0.830551
3746;2;-0.625858
3748;2;+0.179139
3749;2;+0.870723
3752;2;-2.686803
3753;2;+2.037005
3754;2;-0.571405
3755;2;+1.520359
3757;3;+0.575291
3758;2;-0.171727
3759;2;+0.438837
3760;2;-0.155803
3761;2;-0.751972
3762;2;+1.441719
3764;3;+1.362239
3765;2;+1.126074
3766;2;+0.102048
3767;2;+1.764321
3768;2;+0.536999
3769;2;+0.555630
3771;2;+1.267575
3773;2;-0.355285
3775;2;+0.723845
3777;2;+1.335595
3778;4;-0.115718
3779;2;+2.144887
3787;2;-0.336865
3788;2;+0.989377
3789;2;-0.630529
3790;3;-1.503301
3792;2;+0.459539
3795;3;+0.718583
3796;2;-0.485574
3797;2;+0.523351
3799;2;+0.764831
3801;2;-1.203438
3802;2;-0.255998
3803;3;-0.139701
3804;2;+1.072637
3809;2;+1.553411
3816;2;+1.712551
3817;2;-0.982110
3818;2;+0.276483
3821;2;-0.118877
3822;2;+0.489416
3823;2;+1.929681
3824;2;-0.138543
3826;2;-1.096092
3828;2;+0.486544
3830;2;+0.638368
3835;2;+0.198613
3837;2;+1.229695
3839;2;+0.281418
3840;2;-1.410743
3842;0;-0.855908
3843;2;+0.532821
3845;4;-1.622810
3846;2;-0.473664
3850;2;-2.371920
3851;2;+0.968818
3852;2;+0.665073
3854;2;-1.604102
3857;2;+0.546727
3858;2;-1.021423
3859;2;+0.407417
3860;2;-0.951978
3861;4;+2.242437
3862;2;+4.056275
3864;2;-0.018231
3866;2;+0.141058
3867;2;+2.286237
3870;2;-0.643502
3872;4;-0.007673
3873;4;+1.183678
3874;2;+0.485602
3875;2;-1.512063
3876;4;+0.402206
3877;2;+0.395016
3879;4;+0.902292
3880;4;-2.489026
3881;2;+1.132393
3882;2;+0.331335
3884;2;+1.061505
3888;2;+0.243873
3890;4;-0.206653
3893;2;+0.185013
3894;2;-0.686474
3895;2;-1.473571
3896;2;+0.837196
3900;2;+1.096009
3901;2;-0.499284
3902;2;+1.116764
3903;2;-0.067146
3904;2;+0.029295
3905;2;+2.608728
3907;2;+1.737801
3909;2;+1.379181
3910;2;+0.606947
3912;2;+0.163057
3918;2;+0.161742
3922;2;+1.660868
3924;2;-0.940573
3926;2;-0.909759
3927;0;-1.960252
3928;2;-0.354467
3929;4;+0.544745
3930;2;+0.026444
3931;4;+0.472750
3933;2;-0.961933
3934;2;-0.096852
3935;2;+1.170369
3937;2;-1.584457
3938;2;-1.920669
3939;2;+1.692854
3943;2;-0.483140
3944;2;-0.568835
3946;4;+0.468475
3947;2;+1.171069
3948;2;+0.850648
3949;2;+0.910157
3950;2;-1.827139
3953;2;+0.368616
3954;2;+1.164289
3960;2;+2.370170
3962;2;+1.662600
3966;2;+0.982755
3969;2;-0.223172
3970;2;+1.068921
3972;2;+0.536496
3973;3;-1.196658
3974;3;-1.339853
3975;2;-0.642978
3978;2;+0.174512
3979;2;+2.117618
3980;2;+1.477350
3983;2;+0.475213
3984;2;+1.177348
3987;2;-0.332243
3988;2;+1.067097
3989;2;+0.615796
3990;4;+1.140349
3991;2;-0.630030
3994;2;-0.271294
3995;2;+0.222136
3996;2;-0.620270
3998;2;-2.008233
3999;4;-0.333718
4000;2;+0.910863
4002;2;+0.203087
4003;2;-0.084046
4004;4;-0.111020
4006;2;+1.425709
4007;2;-0.560200
4008;2;+0.395831
4011;2;+0.970235
4012;2;+1.982593
4015;4;+0.090491
4016;2;-0.220532
4017;2;+1.809410
4018;2;+1.146753
4021;2;-0.172851
4023;2;+2.285900
4025;2;+0.812999
4026;2;+0.584338
4027;2;+1.880853
4030;2;-0.243220
4031;2;+1.410012
4033;2;+0.587806
4034;2;+0.547653
4035;2;+0.124750
4037;2;+0.780272
4043;2;+1.466411
4047;2;-0.848515
4055;2;+0.615746
4061;2;-0.335009
4062;2;+0.125147
4065;2;+1.477226
4067;2;+0.180437
4071;2;+1.814070
4073;2;+1.478007
4074;2;+1.271960
4076;2;+0.409044
4079;2;+0.120343
4080;2;+0.019894
4089;2;+0.386802
4090;4;-0.011335
4091;2;+0.804968
4092;2;+0.420340
4093;2;-1.760387
4094;4;-0.777427
4100;2;-0.363779
4103;2;-0.269170
4106;2;-0.202918
4108;4;-2.452184
4117;2;+1.053500
4118;4;+2.031749
4120;2;-0.778694
4121;2;-0.226595
4123;2;-0.347048
4125;2;+0.692222
4126;2;-0.547358
4129;4;+0.145996
4130;2;+0.758027
4132;2;-1.822133
4134;4;+1.889562
4143;4;+0.774949
4144;2;-1.358062
4150;2;+0.389805
4151;2;+1.370023
4152;2;+2.316702
4157;2;+0.911418
4164;2;+0.537622
4165;2;+0.387545
4166;2;+0.577506
4167;2;+0.980316
4173;4;+1.431162
4174;2;+0.344985
4175;2;+0.018096
4176;2;+2.870663
4184;2;-1.252297
4188;2;+0.529591
4190;2;+1.866501
4191;2;-0.038606
4192;2;+0.986644
4193;2;+1.372732
4194;4;+1.409756
4196;2;-0.066656
4197;2;+1.181458
4198;2;+1.289740
4199;2;-0.194718
4200;2;+0.333464
4201;2;+1.707655
4202;2;-1.359453
4203;4;-0.499785
4204;2;-0.563060
4206;2;-0.003812
4208;4;-0.067999
4209;3;-0.507606
4210;2;-0.788556
4215;4;+0.992253
4217;4;-0.689044
4219;2;-0.122817
4221;2;+0.695962
4228;2;-0.115268
4230;3;+2.602286
4233;2;+1.146131
4237;4;+0.293441
4238;2;-0.316203
4239;2;+0.808080
4240;2;+0.682575
4241;2;-1.742060
4248;2;+0.227184
4254;2;-2.890662
4255;2;-0.239270
4257;2;-1.424129
4258;2;-0.528275
4260;2;+1.624129
4263;2;+1.903435
4265;2;+0.305745
4266;2;-1.054356
4267;2;+1.156899
4269;4;+0.227170
4272;2;-0.857376
4273;2;-1.082429
4275;4;-0.826948
4277;2;+0.912899
4279;2;-0.211646
4280;2;-0.481724
4283;2;+1.935217
4284;2;+0.210334
4285;2;-0.078497
4287;2;+1.394937
4290;2;+1.147127
4292;2;+1.336347
4294;2;+0.134675
4295;2;+0.939673
4296;2;+0.484128
4299;4;-0.712377
4301;2;+1.400893
4302;2;-0.466127
4305;2;+0.086275
4307;2;-0.741717
4309;2;+1.585210
4316;2;-0.953104
4317;2;-0.423164
4319;2;+1.313204
4320;2;+0.740902
4321;2;+1.540188
4322;2;+0.635968
4325;2;-0.566487
4327;2;+1.980292
4328;2;+0.072849
4329;4;+0.859580
4330;2;+1.091136
4333;4;+0.321531
4335;4;+1.012844
4336;2;-1.316544
4337;2;+1.924331
4339;2;+0.405308
4341;2;-1.906686
4342;2;+0.970506
4347;2;-1.020326
4348;2;+0.608836
4349;2;-0.627422
4352;2;-0.277231
4353;2;-0.352103
4355;2;+1.197756
4357;2;+1.384075
4358;2;+0.515821
4361;2;+0.110686
4362;2;+0.332064
4363;2;-0.951256
4364;2;-0.658302
4366;2;-1.126594
4367;2;+0.451358
4368;2;+0.187062
4371;2;+0.189721
4372;4;-0.999114
4374;2;+1.540492
4378;2;+0.590869
4381;2;+0.027455
4382;2;+1.148771
4384;2;+0.723761
4385;2;+0.085039
4386;2;+1.686086
4389;2;+0.977999
4391;2;+2.180802
4392;2;-0.853043
4393;3;+0.651599
4399;2;+0.339388
4401;2;-0.865854
4402;2;-1.089579
4404;2;+0.037493
4405;2;+1.001004
4407;2;+0.853457
4408;2;+1.914212
4409;2;+1.037224
4410;2;-0.111399
4411;2;+0.078422
4412;2;+1.023906
4417;3;-1.383925
4418;0;-0.777002
4419;2;+0.356816
4420;2;+0.334056
4421;2;+0.140727
4422;2;+0.796181
4425;2;-0.193590
4426;2;+1.301230
4427;2;-0.322171
4428;2;+1.011794
4429;2;+0.470747
4430;2;+2.905048
4431;2;+0.114220
4435;2;+0.000850
4437;2;-0.434064
4438;2;-0.193098
4439;2;-0.827479
4440;2;-0.195545
4442;2;+0.532267
4444;2;+2.041021
4445;2;+1.469563
4446;2;-0.662847
4447;2;-0.239770
4448;2;+1.442873
4449;2;+0.393211
4450;2;+0.398177
4451;2;+1.585289
4452;2;-0.125379
4458;2;+0.691091
4459;2;-0.228927
4460;2;+1.843481
4462;2;+0.376471
4463;2;-0.481236
4464;2;-0.218057
4466;2;+0.234204
4467;2;+1.270804
4468;2;+1.272495
4470;2;+0.834670
4471;2;+0.372033
4472;2;+1.165203
4473;2;+0.146898
4474;2;+1.597440
4476;4;+1.450672
4480;2;-0.153371
4481;2;+0.589800
4482;2;-0.924195
4485;2;+1.116262
4486;2;+2.331544
4489;2;+0.753737
4491;2;+0.608556
4494;2;-0.180676
4495;2;-0.579747
4496;3;+0.954955
4498;2;-0.605608
4499;2;+1.832842
4501;2;+0.337221
4502;2;+1.350405
4504;2;+0.943224
4505;2;+0.465182
4506;4;+1.672802
4507;4;-2.054673
4512;2;+0.826661
4513;2;+0.774751
4518;2;+0.946566
4519;2;+1.587603
4520;2;-0.176530
4521;2;+1.270737
4522;2;+0.926719
4525;2;+0.809937
4527;2;-0.698634
4530;4;+2.152089
4531;2;+0.107242
4532;2;+0.250207
4537;2;-0.519170
4538;2;+0.543141
4539;2;+0.931511
4542;2;+1.033631
4544;2;+0.533976
4545;4;+0.972858
4549;2;+2.729672
4551;2;+0.786625
4553;2;+0.649929
4554;2;-0.704048
4555;2;+0.567143
4556;2;+0.680678
4558;2;+2.073159
4561;2;+1.198438
4562;2;+0.533758
4564;2;+0.459082
4565;2;-0.390218
4567;2;-0.456126
4568;2;+0.395947
4569;2;-1.112913
4571;2;+0.175858
4573;2;-0.061052
4574;2;+0.810419
4575;2;+1.411313
4576;2;+0.135961
4578;2;-0.389600
4580;2;-0.816099
4585;2;-1.277302
4586;2;+2.477248
4588;2;+1.403267
4590;2;-0.578278
4592;4;+0.286485
4594;2;-1.141901
4595;2;-0.081072
4596;2;-0.683842
4597;2;+0.739449
4598;2;-0.102548
4600;2;-0.750182
4601;2;+0.660166
4603;2;-1.726023
4604;2;+2.119916
4605;2;+0.600876
4607;2;-0.213152
4609;2;-0.241470
4613;3;+0.386197
4614;2;+0.570422
4615;2;+1.502250
4618;2;+1.008689
4620;2;+2.089440
4621;2;+0.626352
4622;2;-1.046369
4623;2;+1.062486
4624;2;-0.671499
4626;2;+0.257381
4628;2;+1.988715
4630;2;+1.714444
4638;4;+0.798190
4643;2;-0.565458
4646;2;+0.751644
4647;2;+0.068214
4648;2;+0.725783
4649;2;-0.689065
4651;2;-0.968424
4655;2;+0.472522
4656;2;+0.785523
4658;2;-0.998463
4659;4;+0.524735
4660;2;-1.272725
4661;2;-1.063564
4662;2;+0.681593
4663;2;+1.843970
4665;2;-0.529841
4666;2;-0.740993
4672;2;+1.150799
4674;4;-0.482649
4675;4;+0.639254
4678;2;-0.380734
4679;2;+0.250683
4682;2;+2.117041
4683;2;-0.916084
4684;2;+0.274469
4688;2;+2.232624
4689;2;+1.052385
4690;2;-0.758516
4692;2;-0.248687
4693;2;+1.071734
4695;2;+1.890749
4696;2;-1.698008
4700;2;+1.745515
4701;2;+2.580723
4704;2;-1.585952
4706;2;+0.807418
4708;2;+1.915447
4709;2;-0.348781
4712;2;+2.422333
4714;2;+0.165236
4718;2;+0.817384
4721;2;+1.306410
4722;2;-0.660994
4723;2;-0.661859
4725;2;-0.241479
4728;2;+1.902741
4729;3;+1.120190
4730;2;+0.808248
4731;2;+0.524667
4732;2;-0.350984
4733;2;+2.145574
4734;2;+0.771692
4738;2;-1.538580
4739;2;+0.653828
4741;2;+1.911038
4746;2;+1.248370
4747;2;+1.049452
4748;2;+1.034335
4751;4;-0.909686
4752;2;+1.821329
4754;2;+0.480598
4755;2;-0.601852
4756;2;+0.472570
4757;2;+0.067068
4758;2;+0.866816
4759;2;+1.929344
4763;2;+1.953627
4767;2;-1.120783
4768;2;+0.472022
4773;2;+0.872466
4776;2;-0.037341
4778;2;+1.086671
4779;2;+0.846886
4781;2;-0.606248
4782;4;+0.767032
4783;2;+0.321648
4784;2;+1.158122
4787;2;+1.487291
4789;2;-0.059305
4791;2;-0.401670
4792;2;+0.102501
4794;2;+0.580210
4795;2;+0.594757
4796;2;+1.144287
4799;2;+1.699106
4800;2;-0.082021
4801;4;+0.584667
4802;4;+0.961222
4804;2;+1.380277
4805;2;-0.161900
4806;2;+1.625915
4808;2;+0.665238
4812;2;-0.356937
4814;2;+0.952389
4815;2;+1.152617
4816;2;-0.529858
4817;2;+1.036871
4818;2;-0.596167
4820;2;-0.157150
4821;2;-0.034636
4824;4;-0.621317
4825;2;+1.186332
4826;2;+0.395705
4827;4;+0.654659
4828;2;-1.819951
4830;2;+0.153366
4831;3;+0.437366
4832;2;+1.261973
4834;4;+2.112863
4835;2;-0.456434
4836;2;+0.093835
4839;2;+1.427484
4840;4;-0.897507
4844;2;+0.311206
4845;2;+0.871290
4846;4;+0.207666
4850;2;+0.376757
4851;2;+0.245144
4852;2;-0.292345
4854;2;-0.496016
4855;2;+0.528367
4859;2;+0.502415
4861;2;-0.192291
4862;2;+1.386297
4864;2;+0.332844
4866;2;+1.516900
4869;2;+0.775533
4870;2;+0.125631
4873;2;+0.365175
4875;2;+1.031444
4876;2;+1.908333
4877;2;+0.694432
4878;4;+0.371377
4882;2;+1.142990
4883;2;+1.025549
4885;2;+1.494207
4886;2;+1.150655
4887;4;+0.798906
4889;2;-0.240425
4890;2;+0.819543
4893;2;+0.581160
4894;2;+0.671553
4895;2;+1.582114
4896;2;+0.624041
4898;2;+0.733858
4901;2;+2.011977
4905;2;+0.948973
4906;2;+0.580963
4912;2;+0.543959
4913;2;+0.754174
4914;2;-0.099876
4915;2;+0.006223
4917;2;-0.652553
4918;2;+1.408222
4922;2;+0.594413
4923;2;+2.422263
4924;2;+0.004589
4927;2;+0.927573
4928;2;+2.306616
4930;4;+0.876205
4931;2;+1.853841
4932;4;+0.160059
4936;2;+0.668504
4939;4;+1.152347
4940;2;+0.230836
4942;2;+0.284013
4946;2;-0.468765
4948;2;-2.141201
4949;2;+0.569762
4955;2;+0.056257
4956;4;-0.810903
4958;2;-0.715499
4961;2;+1.295734
4965;2;+0.847031
4968;2;+0.472562
4969;2;+0.423057
4970;2;-0.202971
4971;2;+1.661933
4972;4;-1.960266
4973;2;+0.546030
4975;2;+1.557832
4976;2;-0.777068
4978;2;+0.549359
4979;2;+0.114902
4983;2;-0.388410
4986;2;+2.654682
4987;2;+1.170536
4991;2;-1.445122
4992;2;+0.561998
4994;2;+0.282258
